clean_title	2_way_label
feeling lucky	0
cutouts	0
my ceiling looks like an sd card	0
join the raaf	0
hangover	0
ny woman who called herself umm nutella faces prison for helping isis	1
i believe this is still sfw funny how a few black bars can change the meaning of a pic	0
russian fan being interviewed by an eu reporter on world cup predictions	0
potatos bleed when you shred them	1
fixed	0
rooster teeth employee enjoying a river	1
no innocent death should happen on this land south korean democratic movement	0
amazingly designed hallway	0
rare pepe in the wild	0
imgur	0
a motley rabble by the saucy boys contexthttpsenwikipediaorgwikicrispusattucksbostonmassacre	0
on the next episode of doctor who	0
dejected slice of banana doesnt want to be eaten	0
lets see you answer these snickers alex trebek as he unveils invasive categories about james holzhauers personal life	0
somethings gone wrong at starbucks according to baristas	0
futurama	0
fish bowl spills water	0
hey put me down ive got money to make	0
i found a tiny bug inside a raspberry package at a local grocery store today	1
a dad is tenth most popular christmas list request for children	1
her food i will eat it	0
nooooo	0
heart swells my shadow your echo	0
white supremacist charged with mowing down and killing black teen because of race	1
white guy	0
news staying pure mike pence is crushing his testicles with the lincoln bible after being aroused by the feminine contours of the capitol building	0
people are losing it over la croixs latest flavor	0
snake eating another snake	1
me firing a banana on the beach	1
the shadow looks like detectives silhouette	1
its a bird its a plane no its	0
insect on a plant	1
on the train platform	0
i found a leaf clover	1
five nights at freddys	0
my cousin on safari	1
a pair of early mammals stare at a dying dinosaur shortly after the asteroid impact bc	0
hitler commenting on the war situation the fuhrerbunker th of	0
my ice cube tray made an ice stalagmite	1
florida woman doesnt realize shed been shot until four days later	1
other discussions	0
actual photo of the assassination of jfk circa	0
cat flat on floor	1
other discussions	0
super ripe bananas the hottest geriatric punk rock group around	0
trying to cook when this guy judged me	0
spotted a mistake in the image removed it	0
italian police raid illegal mafia bakeries	1
nice kitty via zoomingjapancom	0
brimstone dont walk from here	0
butterfly tile	0
this stealthy owl	1
a candy shop near my house sells sodas making fun of historic dictators	1
heillary	0
ill grab you while the train tracks as police try to give way	0
a building made with ovet pieces of driftwood in skagway alaska	1
look at my horse my horse is amazing	0
why does he make me sit down here	0
president donald trump celebrates the fourth of with a parade through washington dc	0
a trex holding a lightsaber in front of a green screen	1
jordan peterson attends toronto fur con	0
same same but different	0
other discussions	0
art or vandalism gum wall in maplewood stirs debate	1
long live northchina forward china japan manchuko peace in east asia down with the communist party have full confidence in the japanese army peace and happiness a bright north china projapanese invasion poster s	0
cutouts	0
liberia declared free of ebola says world health organization	1
kazakhstan selfie statue removed after ridicule	1
mars rover took picture of itself	0
imgur	0
dont let that shadow touch them	0
i love being a house	0
the very rare pale avocado	0
statue along the charles bridge prague	1
first men to the moon reason and rationality	0
this apple bottom i saw today	1
i dont see what all the fuss is about	0
this boy leaning on a table	1
this wall is really sad	0
red gyarados from pokemon go	0
father and son share a moment	0
after birth	0
human like control system	0
mrw i come home on a sweltering hot day only for her counterarguments	0
obligatory motorcyclist dog	0
cis people can piss outside in the bushes like bears the stonefruits	0
other discussions	0
the tear placement is what causes the confusion	0
just having fun with it	0
just a bit of gardening	0
cartagena lions heads dragons crucifixwrecks	0
pink flower with a few rogue white petals	1
umaine basketball player dunking	1
you sick bastard	0
this day in history george foreman becomes the oldest heavy weight boxing champion	0
why rand paul got tackled by his neighbor seems reasonable	1
this guy is part mother theresa part james bond humanitarian badass	1
ho ho ho	0
happiest jet in the israeli air force museum	0
this chill dude heats my apartment	0
california wildfires are largest in state history	1
my latest musical masterpiece	0
my dad in vietnam in	0
dangling hamster	0
the white car parked out front parked purple	0
michelangelo finds inspiration for the creation of adam	0
other discussions	0
queen elizabeth prepares to take back the colonies circa	0
my attempt	0
these twin yolks from an egg i cracked while working grill	1
texans keep reporting clouds as ufos more than reports in past month	1
vein structure in a persons arm hand	0
four missouri air national guard pilots flying in f eagle fighter jets over the gulf of mexico simultaneously fire aim sparrow radarguided airtoair missiles at a target drone on	1
just noticed that my gym clothes have opposite colors and patterns	1
this kid with a massive arm	0
this japanese service helps yearold women lose their virginity	1
nothing to see here	0
well shit	0
i might have read that wrong	0
new nfl policy requires all players to honor patriotic spirit of subservience that american flag represents	0
its only raining over a small part of the town	1
daily beast green beret killed by seals after he uncovered alleged theft cnnpolitics	1
naval officer reading his briefing	1
super hot	0
zoolander of the dead	0
pig shaped crayon at resturaunt	1
spanish pm rajoy forced out of office by noconfidence vote	1
fbi refused white house request to knock down recent trumprussia stories	1
other discussions	0
india on the verge of passing week maternity leave	1
what is wrong small man why do you not laugh	0
available here	0
a rocket leaving earths atmosphere	1
heeeeeres fluffy	0
a lesson for fun	0
k likes and comments	1
bath body works unveils new soothing eucalyptus road flare	0
its a ruse	0
mrw my long time best friend and now her family hates me and told her but she might have a day weekend do you have and how do we hold stem majors werent as great as we think	0
modern censorship	0
soccer mom in a shade pod	1
how one cat survived the second ave catastrophe	1
cube of salt	1
national treasure deleted scene	0
songs by ed sheeran bruno mars and others have been banned in indonesias most populous province	1
this leaf looks a like a kind of spaceship	1
this handicap accessible tea dispenser	1
windows warning your pc could be at risk if you have this app installed	0
easy manfred	0
cutouts	0
the floating belt incident of	0
trump called mexicans one of the most criminal nations in the world postinglovers	1
no time like yesterday momma said help me	0
bewildered broken bollard	1
north korean delegation greets the us president c	0
too lazy to text your girlfriend broapp has your back	1
im like on the beach with a little bucket	0
scared of the dark	0
why so serious	0
the author of this story forgot the main characters name within the first paragraph	1
affluenza teens family wont pay full rehab fee	1
imgur	0
peta wants monument honoring chickens killed in gainesville truck wreck	1
this bride and horse	1
this gas pump looks excited	0
jurassic bark bye forever	0
looks like a strong man is holding our tap	1
wideeyed son of a bitch	0
me and guy	0
pussin putin	0
drunk irishman pleads guilty to causing damage to australian hotel	1
evil dj cat	1
gotta go for the obvious	0
snes classic mini release date price games preorder everything we know	0
found a friendly leaf walking down the street	0
about last night	0
a cat roaring spelled right this time	1
a fresh sound whole foods starts selling records	1
dog admiring the scenery	1
rac it electrifies	0
satellite imagery of scandinavias most beautiful fjords	0
anthropologists discover isolated tribe of joyful americans living in remote village untouched by election	0
guy with damp shirt on face inhales	1
lawmakers demand cap on homework set for hong kong primary school pupils proposal would see a maximum number of hours for homework imposed and a restriction on the amount of homework set on fridays	1
all it needed was a bloody polishing	0
face swap time	0
povertytackling trio win nobel economics prize	1
unisex restroom sign in a bar named toolbar	1
just your average chicken nugget headed to school	0
will famous kickasstorrents ever come back the pirate bay extratorrent rarbg are most popular today	0
you maniacs you blew it up first the death star then the second death star	0
the after effect	0
i have no clue what i was going for here	0
kid bowling	1
to help destigmatize hiv victims this magazine was printed with infected blood	1
mona lisa	0
duuun dun duuun dun dun dun dun dun dun dun bom bom dun dun dun dun dun dun doo dedoo doo dedoo dede doo dede doo dededoo	0
papa johns pizza tests positive for hgh report alleges	0
this honey jar in a security box	1
this dead sign still giving directions	0
teen saves womans life by befriending her kidnapper	1
a bunch of burnt bread	0
epa chief pruitt faces congressional grilling on spending ethics	1
james bond the golden pussy	0
there is a stalactite in this parking garage it isnt ice	1
i found prop money on my walk to classes today	1
a lizard whose tail didnt regrow	1
cape breton volunteer firefighters charged in connection with arsons	1
george bush meets with al qaeda	0
my family has played euchre so much you can tell which part of the deck we dont touch	1
algae suit generates food to feed your constant hunger	1
hiroshima japan th	0
elim rae jepsen julien	0
pelvic muscle face	0
my coworker apparently bought doughnuts from shrek this morning	1
burnt thanksgiving turkey	0
my wife and i holding a plant for the pic the shadows seem like people fighting sorry for the english btw	0
ready for a movie	0
reflected sunlight melts frost on the shadowy side of the roof	1
smile	0
michonnema	0
first diagnosed case of autism	0
berlin it goes down	0
beltrak high	0
dirty	0
its what he would have wanted	0
the queen of england raising her royal meat corgis for slaughter th	0
blue birds preparing to fly over the white cliffs of dover circa	0
ft tall kid pranks his teacher	0
dame helen mirren is working that dress	0
thats what i call racin	0
this milk commercial found in a comic	1
wasps in this light fitting	1
obligatory post	0
paul dano preparing for his role in ruby sparks	0
reminds me of skeeter doug funnys best friend	0
the queen and her big red button	1
sign at paris orly airport advising not to drink the urinal water	1
dont look so nervous george the dark side welcomes you with open arms	0
el paso artist creates powerful el paso strong mural	1
newsround showbiz imagine the worst	0
available here	0
black shooter we need to stay home instead of coming out in the us so far from joy behar	0
greek warrior	0
peter griffin loves hotdogs	0
new features	0
the rain drops on my walkway lights make them look like little ufos	1
boulevard of broken dreams	0
birds will attack amazons delivery drones	1
the world in his jaw	0
katy kong	0
i give it a	0
reality	0
feld post karte wwi germany	0
going to be a blockbuster remake	0
the sun	0
httpsiimgurcomfulhwujpg	0
these mirrors that my local mcdonalds put in	1
hammond	0
what could this possibly be	0
found this little guy while walking home one night	0
wiffle stadium	0
this faded away bill at a restaurant i just left in florida	1
the way the clouds created lines between the puffy clouds today	1
lamb air traffic	0
straight from the ministry of silly walks	0
balloon floated to the ceiling	0
this mini coopers tail lights are two halves of the union jack	1
badass facts you didnt know about tall people	0
real ids actual effect is to turn those same licenses into national id cards	1
george lucas doesnt appear in ready player one or does he	0
london pubs offer to feed the homeless christmas dinner goes viral chef and manager adam hardiman will offer homeless individuals a full roast including a carvery of turkey beef and salmon with all the trimings from to pm this sunday	1
a locomotorcycle on crack	0
shadow	0
they were both awarded order of gallantry awards posthumously for their bravery ukranian ssr	0
freedom federacion anarquista iberica spanish civil war	0
brooklyn colleges longtime janitor is also its cocaine dealer police say	1
makeshift wasp traps work quite well	1
shut up and fly straight	0
terror stricken nyc stock trader	1
this ritz cracker that was in my box was baked folded in half	1
google plans return to china search market with censored app sources	1
this car looks like donald trump	0
this horrible accident	0
table tennis notebooks	1
rebuilding europe marshall plan poster from france ca	0
the hair color on this package has changed from brown to blonde just from being left in the sun shown next to identical product	1
texas is too windy and sunny for old energy companies to make money	1
imgur	0
a timeline of gun laws in america	0
looking thirsty	0
bioware manager consuls a year old worker having a mentalemotional breakdown during anthem development	0
nope	0
terrified looking dog in water	1
i found herbie in front of my building	1
if you look at the silver parts of this bottle it looks like a oneeyed monster with teeth	1
cutouts	0
beetlejeggings	0
mark nose whats up	0
skyrocket above and beyond	0
a scene from spongebob	0
spotted in ancient rome	0
this water caught on a spider web	1
grand tetons	1
butt selfie n s f w	0
you here fore some chocolate milk	0
freedom	0
the chinese peoples liberation army is the great school of mao zedong thought chinese cultural revolution poster	0
i got a very small mike and ike thats just the hard part of the candy	1
this prawn hanging on for dear life	1
i cant believe this prize is in keymaster	0
let the ice in my gatorade melt and they separated	1
the columbus blue jackets have been eliminated from the us which offered a deal in the st century	0
theresa uk prime minister marshalling a race	1
had to put a beard on him	0
one flew over	0
get it off	0
i hope im not planning to see that coming didja little bastard	0
tourists take edinburgh homeless man to sweden for christmas bbc news	1
commissar threatens to shoot retreating soviet soldiers during the battle of stalingrad	0
cutouts	0
cutouts	0
school shooting suspect belonged to white nationalist group	1
longmont boy needs help finding the best shirt ever reddit lets make this happen	1
just wondering if humans would lick their nose if they could	1
cutouts	0
it got a bit out of hand man who put his girlfriend up for sale on ebay as a joke inundated with bids	1
hawaii two red cross shelters available for leilani and lanipuna evacuees fleeing lava	1
he finally finds the courage in his weak heart to ask allen iverson his favorite player to sign his custom suit	0
roosevelt the world enemy	0
warren buffet backs billion dollar madness challenge	1
north korea to finish dismantling nuclear test site within two weeks north korea is taking technical measures to dismantle its nuclear test site within the next two weeks according to state media	1
cutouts	0
washing my hands in a bathroom when suddenly	0
microsoft says it has found another russian operation targeting prominent think tanks	1
this guy	0
they denied its existence now they have to see it with their own eyes	0
cattie chan	0
the way these clouds look	1
warrior princess	1
i lost all my motivation half way through this shit fest	0
german soldier salutes one last time before the allied soldiers execute him	0
fraudclosure settlement checks sent to victims bounce	1
slippers reinvented	0
theres a carousel in the middle of this shoe store	1
i am	0
screwed up screw	1
qrex	0
a buddy of mine crossing the finish line for rits color run	1
irate trump supporter giving the finger	1
solaris the world tree	0
portal	0
max flough another outoftown gig	0
san francisco requires clean space for breastfeeding workers	1
loch neverneverland	0
hitler commanding his subordinates after the opening of the auschwitz concentration camp	0
circuit diagram for a rolling hot dog cooker	1
huge crowd of black lives matter supporters marches through memphis shuts down i bridge	1
aaron burr and alexander hamilton settling their disputes over a game of baseball th	0
publisher fined for blog saying beijing office complex had bad feng shui	1
my take on the face swapeating habits	0
our new nightlights make our outlets look like theyre doing the spooky campfire story face	0
major tom getting a chance to chill with the crew	0
baby hears mom for first time	1
family buys remaining shoes at arkansas payless to donate to those in need	1
role reversal	0
cutouts	0
obamas style clearly more liberated during second terms	0
this speaker system in every room in the house my family bought the house was built in the s it occasionally works	1
two year old diver in pampers	1
unimpressed boy surrounded by booth babes e	1
old but wise the oldest working computer	0
dont know if this belongs here this girl looks like a bad dressed small person but shes average height	0
marching wehrmacht soldiers	0
ice cream place uses liquid nitrogen to make your ice cream	1
im thinking early s christopher cross vibes	0
ill save you little buddy	0
modern childcare	0
it makes life silly	0
senator jeff flake turns to conscience in book criticizing trump and fellow republicans npr	1
they must be lighter than air	0
obama eats for free	0
cat in a plastic container	1
cutouts	0
in the sea someone can hear you scream	0
fixed it for you	0
cant tell if this guy is happy or is crying for help	0
orc	0
redskin potato is feeling a bit uneasy	0
uwu	0
meatbender	0
these guys on a rock	1
missouri firefighters build path for woman in wheelchair seen struggling to get in home	1
i hope someone more talented than me turns this into a gif	0
the beast of manchester	0
england cricketer celebrating	1
airborne reveler	1
the mcdonalds in taupo new zealand has a decommissioned dc airplane as part of their dining area	1
once a famous place to skateboard in nyc this spot became neglected and overgrown due to the area being utilized as storage for repair work on the brooklyn bridge brooklyn banks	1
whats everybody yelling about	0
the leaning turtle of pisa	0
this headless ronald mcdonald statue sitting in a chair on a roof	1
it just seems obvious	0
fat cat in flight	0
in space no one can hear the stream	0
cutouts	0
im sorry son	0
man cooks bacon with assault rifle	1
cue the yakety sax	0
vladimir putin considers expansion into scandanavia during group photo	0
the paw of a great dane	0
this convenient soap bar holder	1
cutouts	0
get out of the pool	0
other discussions	0
this wishing log i found in the peak district uk	1
a dragon priest is hiding in this fabric	0
farwell barn one day at a time	0
wikipedia celebrates years of american independence	0
equifax takes down web page after report of new hack	1
the christmas day armistice colourized	0
girlfriend got a new mattress and told me it was a queen sizeafter laying it on my old box spring i think its safe to say she was wrong	1
not now luke	0
this guy standing there with a duck	1
australias funnelweb spiders come out in red to press briefing room reports say	0
melancholy cookie	0
wrong conference	0
looking out airplane window	0
this old hollywood video was converted to a beauty products store	1
moonlighting police leave body cameras at home even while working in uniform	1
videotape editing console x	1
director has clear vision of how studio will destroy movie	0
justin bieber serenades grandmother naked while covered up with just a guitar	1
what a great american	1
available here	0
left hand turn	0
found a blockbuster rental on my way to work today	1
just what i need	1
a retired cop watching fort lauderdale shooting sees something strange many missed	0
just realized my irises are comprised of two different colors but i dont think its actual heterochromia not sure what to call it no filter just flash	1
a woman with a tortoise	1
the most upset cut there could be	0
isis something wrong doc	0
i just couldnt resist	0
birbs making a smile in the air	0
brian kilmeade of fox news why cant they clear the ocean of sharks	1
gc my chicken has a phobia	0
this picture of my coffee boiling looks like a planets surface	1
the same day she went for a game of golf	0
this giant wild sunflower growing out of the street	1
shoes of third reich soldiers	0
boxexe has stopped working	1
available here	0
the micro fiber cloth in my hotels bathroom has a poem attached telling you how to use it	1
these various animals sharing a meal	1
happy older lady with a huge hand held food processor	1
first	0
little guy throwing a stick in to a river	1
disney marriage proposal photobomb	0
jesus preaching to the masses ad	0
the trump administration	0
these alien gourds	1
but that hand bothered me	0
smaug teacher on christmas	0
cake just sitting there	0
available here	0
years of use have burned in the squares and time on this old scoring monitor	1
a colony of ladybugs under my window	1
oregon teacher of the year fired	1
i found an elephant rock	0
utah deputy punches through frozen pond to rescue boy on christmas day	1
not even his final form	0
trends upboat	0
queen elizabeth hospital surgeon suspended over branding claim	1
this sunchoke looks like a bear	1
my apartment building used to be a school	1
a project harnessing data from a japanese satellite could improve weather forecasting and allow officials to issue lifesaving warnings before natural disasters data collected by himawari weather satellite paired with supercomputer programme	1
how paramount studios saw california in	1
attempted getaway	0
the south will rise again	0
the wall at a restaurant i go to has exactly one circle that is off	1
gnarly dude hanging out with ladybugs	0
you know the germans make great stuff	0
let me see it angela	0
luke is talking to either aunt beru or uncle owen	1
the death of cool nothing but the fashion	0
d printing	0
huh	0
look at these flat potatoes my sister bought	1
steven adams kicking draymond green in the nuts	0
iowa family upset that police didnt arrest naked drunken man who pooped on their carpet	1
man with japanese tsunami evacuation pod	1
this monkey eating a banana	1
obama rocking a power stance while on the phone	1
this fishbowl inverts the room on the other side	1
this street art graffiti in new york	1
do you like that dear	0
there has been a terrible accident	0
a changing america faces a stark choice this election between donald trump and hillary clinton	1
six detained for four days over deadly cairo train crash	1
mcdonalds throwing sxsw party yay ex cops tear into them for not paying the bands that will play	1
lit a match and it turned into a microphone	0
republican soul searching probably mostly pointless	1
flying sharkcloud	0
mom accused of branding her children with fire to identify them	1
my library receipt tells me how much ive saved borrowing books	1
my hotel soap has holes in it	1
my wound looks like a smiley	1
bboy headspin	1
cranky potato	0
my egg turned into a reverse egg	1
httpsiimgurcomdkdmzjpg	0
those pearls are just jaw dropping	0
the fellowship is complete	0
m mm cable	1
found some thic tires	1
high jump	0
onion explains the rise of china	0
duck drinking a beer	1
the prototype space shuttle enterprise mounted atop a nasa shuttle carrier aircraft flying in the sky water and buildings on the ground	1
a dog that was lost on a scottish mountain for hrs in midst of extreme winter weather is rescued by coastguard the coastguard helicopter crew spotted the dog on a narrow ledge above a ft drop they brought him onboard and was later reunited with his owners	1
a convertible tour bus	1
this puff of smoke in the dark knight looks like jokers face	0
never got out	0
new baltimore deputy police commissioner robbed at gunpoint near patterson park	1
dirty baseball	0
i was put together wrong	0
not how i thought it would turn out	0
the house on my bottle of whisky is sad	0
mint plant has a split leaf with two intact endings	1
creepy little storm cloud last night	0
must see unbelievably rare this is the first vernal equinox to fall on the bluray and dvd release date of jumanji welcome to the jungle	0
shes not impressed at all	0
warmth spreading from my coffee mug and water glass thawing the frozen damp table degf outside	1
pumpkin riot	1
killer whale in the ocean	0
theres a darth vader helmet made of computer parts at key west	1
came across this upset rock out on my run today	1
dont touch the tentacles only the tops	0
bantam chicken	1
italian partisans tell the british what they plan to do with mussolini after his capture in	0
dog freaked out by leaves	1
grand picnic and reunion of all the radicals of the city of chicago iww	0
they said what find out what sully sullenberger larry ellison kirsten gillibrand and more have to say	0
sherridan p grincely pleasant afternoons rac	0
prince kong	0
the abdomen of this spider looks like a very surprised cat	0
a broken branch	0
snowmans in front of doors	1
the real wow player	0
man leaves bag full of drugs on tram and his name and address	1
satan watching adam bite the apple bc	0
this dog looks like cthulhu	1
he has never worked a day in my pajamas for days being out of dr pepper so i couldnt afford to tell things like this	0
beyonce looking fab with her curls	0
zoidberg as slave leia	0
these two pictures are identical	0
his people need him	0
largest tumor my vet has ever seen lbs oz	1
i meet this huge wonder	1
hafdaran the adult heathen	0
this chair is sneering at me	0
i actually opened the toilet paper bag instead of ripping it to shreds	1
because everyday i am so sick of being home for the first time and effort into scrubbing my tub of ice cream	0
dreaming about catching that pesky dog	0
startled remote control	0
because this baby is too adorable to reddit defamea cutout	0
looks like some friends came to join him	0
anti bush demonstration street art in warsaw poland photographed	0
chasing dogs	0
i popped a sunburn blister and revealed the skin layer where the ink of my tat is still coal black	1
black and white always makes photos much more picturesque	0
how the iron throne appears in my whiskeys ice cube	1
this box has been locked to a hydro pole in my town for nearly weeks	1
panic tone ding ding ding	0
this owl appeared in the grain of a decking board i was laying	0
dinosaurs were minutes away from surviving extinction researchers say	1
apnorc poll amid strikes americans back teacher raises	1
a spider with a droplet of water on its head	1
this looks like mario	1
hinge in the bathroom at work	0
man holding she said yes sign	1
might as well go out with a bang	0
this corn growing inside another cob	1
beach beer and babes	0
glitchy ruffles packaging right managed to pass qaqc	1
fau stadium name rights bought by private prison group	1
season of iron black gulls self titled	0
stooges	0
more focused	0
trump i was getting out of here boys	0
elephant warriors	0
killer tomatoes	0
countries ban advertisement deemed too sexy	0
nanny eve mantaras allegedly hits baby and eats his food in parana argentina	1
run discus guy run	0
hitler visits fantastische sams c	0
other discussions	0
the happiest squirrel	1
lil b will give a lecture at mit this month	1
hmmm still not comfy enough	0
there was a mystery machine at this gas station	1
found these guys freaking out on our shower curtain	0
soldier hiding in a closet	1
g inu	0
a pop concert	0
what really happened	0
us vice president republicans close on healthcares last chance	1
just another jaded food service employee	0
a bit different from your usual photoshop work im sorry	0
how much paper i needed in years of high school	1
haha	0
coronation day	0
tuck sewing intercontinental ballistic missiles x	0
bill clinton to monica lewinsky	0
us election how damaging is this for clinton	0
centaur	0
bill to elect president by popular vote winner introduced to assembly	1
geert wilders and mark rutte in the live broadcast debate on dutch television the evening before the dutch elections	0
ivan the terrible killing his son by ilya repin	0
menu at my local video game bar in haverhill ma	1
hipster will only do challenge with nongmo tide pods	0
ormer locklear the skywayman	0
i do	0
remember him	0
the milk has a little grip and indent for your thumb perfect for pouring	1
i cant believe how much we paid to get in here	0
as if he didnt have enough legs	0
a baseball dispenser that attaches to the chain link around a baseball field	1
chicken killers leave at least dead millions in damage to sc farms	1
anime production company gainax opens fruit tomato store	1
standing with legends	0
class not race collegeeducated and highschooleducated parents and their children are sliding in different directions	1
shasta dam is cursed by ghosts who are perpetually crying and vomiting	0
florida house passes gun reform school safety bill after lengthy debate	1
he knows his future	0
slightly upgraded ride	0
country road on easter island	1
canine hotel greeter helps weary travellers feel at home	1
diet pepsi tells you on the bottle that it tastes like diet pepsi	1
official us jobs report	1
so cute	0
bbc apologises for broadcasting picture of prince william with penis drawn on his head	1
this smiling gravy guy on my plate	0
how a km kachcha road is changing lives in this adivasi hamlet in telangana	1
here you go	0
build that wall	0
httpiimgurcommoxyjvwjpg	0
frankly i find that offensive	0
the dots that make up this image at my local kfc are little buckets	1
nic	0
what have i done	0
yoga class interrupted for disturbing the peace	1
why daddy why	0
looks like fun	0
danger thin ice	0
other discussions	0
yesamused	0
epic climbing	0
other discussions	0
basilica nowhere to hide	0
that chin zit had him feeling blue	0
my kitten gumbo staring out the secret to a crying baby to make sure he understands the concept	0
enid is sleeping the gentle cyclone	0
murrica	0
the way the uce formed on my schools roof	1
im far into this mario game	0
no need hes just trying to help	0
voldemort and nagini pose with harry after murdering james and lily potter	0
sure has a sense of humor	0
in case you really need to get into the room break glass	1
acupuncture on the back of someones neck	0
house judiciary committee releases transcript of hope hicks interview	1
zidane headbutt	0
a rare photo of donald trump sitting in the oval office without his toupee	0
he be pimpin	0
on a bicycle built for two	0
man with head stuck in sand with head stuck in jar	0
two canadian soldiers behind cover in front of a tim hortons in nova scotia	1
it had to be done	0
no kong no	0
gearhead	0
engagement party where at least one gal aint buyin it	1
our album went ruby	0
too soon	0
wop wop wop wop wop wop	0
this had to have been done before another thread maybe	0
other discussions	0
lots of pagodas	1
chilean economist verifies accuracy of project cybersyn	0
esports player playing football	1
singaporean short film on power of giving onion level minced	1
i keep returning the nintendo switch because of this tiny cosmetic flaw	0
james charles plotting his revenge	0
obama and un touring a factory	0
cutouts	0
they put up a new stop sign sign for a new stop sign in my town	1
a fat cat on her back	1
gan qing hell on earth	0
mama	0
sorry bit late to the party	0
a bird pooping	1
this rock monkey looking at me	0
my contact lens has a small serial number printed on it	1
school bans unsupervised cartwheels on playground	1
ashley iaconetti on bachelor in paradise season	0
the queen of england shooting a big gun	1
childs description of heaven during neardeath experience specifically mentions book deal	0
the dog who rides in a car seat	1
my pringle is folded over onto itself	1
this absolutely delighted pillow	0
johnny quinns broken olympic bathroom door	1
we are testing the builtin image hosting	1
ubisoft introduces rainbow six siege	0
cat with christmas lights in its mouth	1
buzz wants the flamethrower	0
midair pause for thought	1
this cat with long legs	1
dog bossing it up	1
red deer in ross	0
this wooden boat that my birthday cupcakes came in at a sushi restaurant	1
i can make that too p	0
spiral composition notebooks exist	1
these are not the drugs youre looking for	0
my step mom just sent me a photo of a very clever name for a cafe in charleston south carolina	1
til that people can get faster to international space station can go up to hours of videotape of men and women at dinnertime	0
cocacola clear found in ca us	1
winning the contest with its buddy	0
new species spotted	0
nine women accuse israel horovitz playwright and mentor of sexual misconduct	1
found this lucky loonie dollar coin in my wallet	1
oh no please no more	0
hitler striking a pose	1
abandoned dog dragging pound tumor gets second chance at life	1
what does the fox say will soon be a childrens book	1
catillac	0
the warlock of the saddle practices his dark arts	0
inverting	0
the drawers at my girlfriends place are quite cheerful	0
brazil candidate says he will only accept results if he wins	1
one of my eggs texture was wrinkly and warped	1
it is cold i need a big scarf	0
police clash with north dakota pipeline protesters arrest one	1
fortnite on the phone	1
sid the sloth	0
guinea pig pirate	0
antijapanese british in shanghai	0
i found a crawfish with yellow eyes at work	1
photographer takes clearest photo of the loch ness monster yet	0
alien made from various metal parts	1
couple kissing on a bench whilst another girl sulks	1
they all look alike	0
gender change via the internet	1
my slackline dismount	1
super saiyajin lawyer	0
kims first steps	0
this ministeadicam box is just happy to be part of the team	0
this box is just loving life	0
in which canada burns down the white house	0
this rug pattern kinda looks like amd logo	1
trump warns china it will be hurt badly by trade war in rambling misspelled twitter attack on president xi	1
this sleeping golden retriever	1
chrimbus	0
celebration jump	0
as was i	0
the name of this stop in norther ontario on my recent transcontinental train trip was redditt	1
the way my girlfriend folds up crisp packets	1
slaves being brought to usa colourized	0
fiat ad cross post from radporn	0
guess i never knew how short he really is	0
bearded pregnant cowgirl	0
my windshield is only fogging in my work truck where the rain drips off of my ladder	1
ethan klein with a giant beanie	1
building a flat pack wardrobe and there is a tiny screw stuck in the screw head	1
woman walking across rocks on lake in snowdonia wales	1
other discussions	0
why not	0
what a paint drop did while i was painting	1
contemplative gorilla	1
atreyu	0
can barely contain himself	0
the paperboys misterfizzster	0
new york underwear ad	0
this kid falling backwards	1
i fear ive done the obvious	0
daca recipient starts tortilla factory in iowa city	1
man that drug is too horsey to me	0
my mop water made a perfect butt	1
alcohol	0
joey conundrum jumpsuit	0
i came across this while i was walking in mexico all of it is hand crafted	1
this dog being held by a white background	0
nsfspcs crazy as fuck	0
team rocket members telling the media that they are going to steal everyones pokemon	0
metal hulk statue	1
i saw my first albino squirrel today	1
break dancing	0
brooklyn queens senators to introduce bills decriminalizing sex work	1
ozzfest	0
this guinea pig	1
boy asks mother for two lunches to ensure his classmate does not go hungry	1
cutouts	0
cutouts	0
a different kind of ride	0
nocturnal sunshine songs that have never been sung before	0
the prophecy is true arnvidr the destroyer	0
the leftover dried up coffee ring at the bottom of my swell flask looks like a blazing helios sun when zoomed in oo	1
dreams do pay off black women cheer royal engagement for some black women meghan markle and prince harrys engagement was something more one of the worlds most eligible bachelors has chosen someone who looks like them and grew up like them	1
jurassic bark the furminator	0
serndinerl	0
tree that grew into then out of water	1
wind turbines are big	1
minnesota st paul launches web portal for opportunity zones which cover percent of the city the website stpaulgovopportunityzones is being billed as a onestop shop for investors seeking development opportunities	1
look at all the bananas we give	0
sleaze gone mad	0
joffrey hugs pugs	1
dog after a hot day	1
donald trump saving children from a school shooter	0
this is sparta	0
retrophiles enter the swirlies	0
stop stealing rocks from gettysburg they might be cursed	1
pope francis says catholics dont need to breed like rabbits	1
phil youve got to get off the couch and find a job were gonna have another mouth to feed soon	0
better than a driveby i guess	1
last time this happened was over years ago the skies looked like a really nice and respectful version of rbonehurtingjuice	0
hires qwop	0
call me katniss	0
the teams trip to london was tough	0
seemed obvious to me	0
this scared kid on a roller coaster	1
doggo trump	0
thanks for the lift fellers	0
north korea retaliates for the interview	0
the hitler youth sing and play guitar for various nazi officers circa	0
khant you a little short to be a stormtrooper	0
you shall not pass because it never gets old well maybe	0
paradise by jeremih	0
oc mrw i notice seinfeld is on rall and only loved because of a freshly opened listerine bottle	0
step party	1
the guitar formerly known as cat	0
minecraft to aid un regeneration projects development plans for places around the world are being modeled in minecraft so residents can help decide how the locations will change	1
gatorade knife in our break room freezer	1
can you tweet out the changes to reddit policy it is absolutely solely meant for this post	0
shocked baby on dj controllers	1
netherlands will once again need to close prisons due to falling crime rate and lack of prisoners	1
daily cartoon tuesday th the new yorker	0
this clear can for my energy drink	1
the coast guard at work	0
marshall county correctional facility	0
year of the third age bilbo meets fangorn	0
this watters bottle has a best before date	1
spencer the cat really does get around	0
the titular character moony men	0
this creepy babies grin	1
adventurous boy saves the day finds womans wedding ring beneath michigan waterfall	1
i found more cheetos in my doritos	1
i am rewatching house md and noticed this message in a chalkboard	1
a glimpse into obamas retirement	0
iron glory looks concerned	0
freddie mercury and john deacon serving in the marine corps during the ww before forming the band queen in circa colorised	0
so my neighbor has a pet alligator	1
introducing spice fishsticks	0
a german soldier texting his girlfriend	0
the army of peace defending labour ussr	0
who is he	0
come to us ss recruitment poster for the walloon legion belgium circa	0
muslim friends spread christmas cheer to manchester homeless	1
achievements of technology my good sir my hands have never been touched by bribes hungary	0
mona lisa	0
john barrowman responds to doctor who comeback rumours	0
my cat just captured two lizards the one under his paw had been attacked by the one in the cats mounth moments before the photo and they were attached	1
in the living room with the kitty litter	0
a ship in rough seas	0
arabic scholar admiring the scrolls in the great library bc	0
im flying jack	0
a professor figures out a way to use art to start cleaning up polluted streams	1
just let me die	0
calm surrender	0
any halfdecent hacker could break into maralago	1
now the tables are turned	0
lost	0
nsfw	0
for children in the philippines return of play is a sign of hope	1
kindergartener surprises her deaf parents by signing at her class holiday concert so they can enjoy the show too	1
the moon was cool last night that ring was visible in the sky not just camera flare bristol uk	1
this ornament i found while at the beach	1
colorados new mascot	0
how did it know	0
my dog has a paw at the end of his tail	0
a little heavy on the baritone	0
man wearing rubber gloves and holding a hammer	1
just chillin	0
unicorn showed up in my abstract	0
when you just minding your wierd bird business n u see some nasty shit	0
youll never guess which oscar nominee is behind this moody school snap	0
cant get that cats sassy look out of my head i see it everywhere	0
this vending machine from japan	1
imgur	0
glares at you condescendingly as you search for the door handle	0
the men to fly	0
i heard he still owns the highest score	0
car headlights	0
immediately thought of hoth	0
trump named person of the year by shit hair magazine	0
facebook sues chinese companies for creating fake accounts	1
but shit it was ninetynine cents	0
murder victim propped up to play dominos at his own wake	1
my school id card has the suicide prevention hotline lifeline on the back of it	1
other discussions	0
post american critical of the george w bush administration	0
grump notsogrump	0
bolshevism brings war unemployment and famine a german anticommunist poster from	0
this large honeyoats bunch in my cereal	1
mark zuckerberg witnesses the internet making fun of him circa	0
brothers who started million company say question mom asked every night at dinner sparked their business	0
man returns home to find parents laying flowers on his grave	1
gray self titled	0
not sure whats inside this seattle apartment but whatever it is this dude is scared if it	0
i know what you did last summer	0
my local mall has a free charging station that only works by peddling	1
high res	0
after death va persists to collect cents	1
we take out a loan with apr to see whats the worst that could happen	0
this hotel in nyc matched the inside of its toiletries to its countertops	1
this no fucking sign in a bangkok taxi	1
this unfortunately shaped folding stage support	1
donald trump giving speech	1
this couple adopted a troubled yearold girl after learning the awful truth behind her identity	0
a visibly successful spider	1
a cicada shell stuck up underneath this outdoor table	1
reminded me of winston churchill holding a cigar in his mouth	0
cutouts	0
in its belly he will find a new definition of pain and suffering as he is slowly digested over athousand years	0
the sink at my work is always so intrigued	0
princess	0
who doesnr remember the release of egar allan hoes first publishment neverbore on the oct	0
man dressed in clerical clothing	1
rapper drops diss record about himself	1
other discussions	0
somewhere in this picture is a turtle who can find it	1
what a happy mushroom	0
oh cmon thats just in bad taste got spoilers	0
trumped	0
stumbled upon this combo of license plates the other day	1
i guess i kill the guy who kills the bus driver	0
old handdrawn map	0
quit being such a big baby	0
a shocked coffee roaster	0
dueling tigers	1
hotline miami vibes	0
fixed	0
man standing on a lake in front of a hill with fog	1
snake in terrarium	1
my school has a bolteddown bike repair station near their bike rack	1
an adorable festival of balloons	0
bird flying on its side	1
water puddle heads	0
what sport is this never mind ive got it	0
a soccer player getting kicked in the crotch	1
things couldnt be grater for this liittle guy	0
a seal and penguin	1
uh russia if youve listening maybe you can find trumps missing texts	1
hitler and stalin moments before getting in a fist fight on the ubahn germany colourized	0
ahhhhhh	0
man pushing shopping cart full of bottles and cans down the street	1
this airport that runs completely on solar power grows vegetables in between the panels	1
the waiting	0
a cottontail rabbit	0
heres your sign	1
we already have a word for thatits pickle	1
improved	0
shes terrified	0
mrw i see this as an absolute win every fluff is pillow if you are this doggo	0
man running from dog in antidog suit	1
you cant eat airplanes silly	0
pinellas county receives million to help homeless population	1
this skull appeared in my lava lamp	0
side stitches be caused by an organ youve never heard of	0
black man blissfully unaware his name going to be hashtag by end of week	0
live look of world health organisation after labelling gaming as a disorder	0
smeagol	0
hang on son we are almost there	0
hillsong lobby government because christians keep stealing their music	1
adam proposes to eve circa bc	0
so much better	0
s ussr this man is a scientist yet he still believes in superstition	0
seattle business owners fed up with homeless woman pooping on their property	1
nationals pitcher sean doolittle jumping for joy last night in la	1
las vegas police bust pot grower who put his crop on youtube	1
firing of teacher after samesex wedding turns into miami congressional campaign issue	1
he then brought chocolate milk was invented by the weve updated our privacy policy emails	0
hugh jackman throwing a snowball at his daughter	1
a young japanese man protests the us occupation of japan postwwii intentionally angering a us soldier	0
this ivy branch on my grandmas sticks to the ceiling that looks like it is painted	1
ive seen some things man	0
